"sum_0_raw","mean_0_raw","median_0_raw","sum_0_obj","mean_0_obj","median_0_obj"
158929217.437431,4838.91174757736,3520.20236431337,2304188715163015,70155544853.3374,20322433897.1252
